objectid,filename,title,subject,date,location,format,description,type,creator,latitude ,longitude,color scheme,rights
achieve-beanie-front,achieve-beanie-front.jpg,Achievement Hunter Beanie,Rooster Teeth,2015-12,"Indianapolis, Indiana",image/jpeg,hat,beanie,,,,black; green,
achieve-green-front,achieve-green-front.jpg,Achievement Hunter Dad,Rooster Teeth,,"Austin, Texas",image/jpeg,,beanie,,,,black; green,
achieve-rainbow-front,achieve-rainbow-front.jpg,Achievement Hunter Pride,Rooster Teeth,,"Austin, Texas",image/jpeg,,baseball cap,,,,black; red; orange; yellow; pale turquoise; blue; violet,
blue-wall-front,blue-wall-front.jpg,Blue Wall VR,Blue Wall VR,2018-11,"Indianapolis, Indiana",image/jpeg,,baseball cap,,,,white; black; light sky blue,
buick-front,buick-front.jpg,Buick Open,Buick Open,,"Grand Blanc, Michigan",image/jpeg,,baseball cap,,,,beige; black,
catan-front,catan-front.jpg,Settlers of Catan,Settlers of Catan,2022-08,"Indianapolis, Indiana",image/jpeg,,baseball cap,,,,saddlebrown; goldenrod,
cowboy-front,cowboy-front.jpg,Cowboy Hat from Wyoming,,2022-07,"Cheyenne, Wyoming",image/jpeg,,cowboy hat,,,,black; brown,
cycling-usa-front,cycling-usa-front.jpg,Cycling USA Sports Cap,Cycling USA,,"Indianapolis, Indiana",image/jpeg,,sports cap,,,,white; red; medium blue,
ferrari-front,ferrari-front.jpg,Ferrari F1 Racing,Ferrari,2022-10,"Bloomington, Indiana",image/jpeg,,baseball cap,,,,red; black; yellow; white; green,
fez,fez.jpg,Doctor Who Fez,,2014-08,"Indianapolis, Indiana",image/jpeg,,fez,,,,firebrick,
fort-orange-front,fort-orange-front.jpg,The Fort Golf Course Orange,The Fort Golf Course,,"Indianapolis, Indiana",image/jpeg,,baseball cap,,,,"orange red; black; forrest green, goldenrod",
iu-front,iu-front.jpg,Indiana University,IU,2020-08,"Bloomington, Indiana",image/jpeg,,baseball cap,,,,darkred; white,
iupui-front,iupui-front.jpg,IUPUI Red,IUPUI,2015-07,"Indianapolis, Indiana",image/jpeg,,baseball cap,,,,crimson; white,
iupui-yellow-front,iupui-yellow-front.jpg,IUPUI Yellow-Red,IUPUI,,"Indianapolis, Indiana",image/jpeg,,baseball cap,,,,"gold, firebrick",
mini-beanie-front,mini-beanie-front.jpg,Indy Monumental Marathon Beanie,Indy Monumental Marathon,,"Indianapolis, Indiana",image/jpeg,,baseball cap,,,,red; lightgrey,
mini-cap-front,mini-cap-front.jpg,Indy Monumental Marathon Cap,Indy Monumental Marathon,,"Indianapolis, Indiana",image/jpeg,,baseball cap,,,,white; grey; blue; red,
pacers-front,pacers-front.jpg,Indiana Pacers,Indiana Pacers,,"Indianapolis, Indiana",image/jpeg,,baseball cap - flat bill,,,,"darkblue; gold, white",
pokemon-front,pokemon-front.jpg,Pokemon Ash,Nintendo,2022-10,"Indianapolis, Indiana",image/jpeg,,baseball cap,,,,red; white; cyan,
red-bull-front,red-bull-front.jpg,Red Bull Racing,Red Bull,2021-03,"Indianapolis, Indiana",image/jpeg,,baseball cap,,,,midnight blue; blue; red; white; black,
rye-whiskey-front,rye-whiskey-front.jpg,Rossville Union,Rossville Union,2022-03,"Bloomington, Indiana",image/jpeg,,trucker cap,,,,lightsteelblue; beige; pale goldenrod; slate grey,
spurs-front,spurs-front.jpg,San Antonio Spurs,San Antonio Spurs,2021-07,"Indianapolis, Indiana",image/jpeg,,baseball cap - flat bill,,,,"black, dark pink; persian green; dark orange; silver ",
striped beanie,striped beanie.jpg,Striped Beanie,,,"Indianapolis, Indiana",image/jpeg,,beanie,,,,dimgrey; darkred; white; black,
the-fort-front,the-fort-front.jpg,The Fort Golf Course Blue,The Fort Golf Course,,"Indianapolis, Indiana",image/jpeg,,sports cap,,,,blue; white; black,
tiger-front,tiger-front.jpg,Detroit Tigers,Detroit Tigers,,"Detroit, Michigan",image/jpeg,,baseball cap,,,,Navy; white,