objectid,filename,title,creator,date,location,format,description,subject
achieve-beanie-front,achieve-beanie-front.jpg,Achievement Hunter Beanie,Rooster Teeth,2015-12,"Indianapolis, Indiana",image/jpg,hat,beanie
achieve-green-front,achieve-green-front.jpg,Achievement Hunter Dad,Rooster Teeth,,"Austin, Texas",image/jpg,,beanie
achieve-rainbow-front,achieve-rainbow-front.jpg,Achievement Hunter Pride,Rooster Teeth,,"Austin, Texas",image/jpg,,baseball cap
blue-wall-front,blue-wall-front.jpg,Blue Wall VR,Blue Wall VR,2018-11,"Indianapolis, Indiana",image/jpg,,baseball cap
buick-front,buick-front.jpg,Buick Open,Buick Open,,"Grand Blanc, Michigan",image/jpg,,baseball cap
catan-front,catan-front.jpg,Settlers of Catan,Settlers of Catan,2022-08,"Indianapolis, Indiana",image/jpg,,baseball cap
cowboy-front,cowboy-front.jpg,Cowboy Hat from Wyoming,,2022-07,"Cheyenne, Wyoming",image/jpg,,cowboy hat
cycling-usa-front,cycling-usa-front.jpg,Cycling USA Sports Cap,Cycling USA,,"Indianapolis, Indiana",image/jpg,,sports cap
ferrari-front,ferrari-front.jpg,Ferrari F1 Racing,Ferrari,2022-10,"Bloomington, Indiana",image/jpg,,baseball cap
fez,fez.jpg,Doctor Who Fez,,2014-08,"Indianapolis, Indiana",image/jpg,,fez
fort-orange-front,fort-orange-front.jpg,The Fort Golf Course Orange,The Fort Golf Course,,"Indianapolis, Indiana",image/jpg,,baseball cap
iu-front,iu-front.jpg,Indiana University,IU,2020-08,"Bloomington, Indiana",image/jpg,,baseball cap
iupui-front,iupui-front.jpg,IUPUI Red,IUPUI,2015-07,"Indianapolis, Indiana",image/jpg,,baseball cap
iupui-yellow-front,iupui-yellow-front.jpg,IUPUI Yellow-Red,IUPUI,,"Indianapolis, Indiana",image/jpg,,baseball cap
mini-beanie-front,mini-beanie-front.jpg,Indy Monumental Marathon Beanie,Indy Monumental Marathon,,"Indianapolis, Indiana",image/jpg,,baseball cap
mini-cap-front,mini-cap-front.jpg,Indy Monumental Marathon Cap,Indy Monumental Marathon,,"Indianapolis, Indiana",image/jpg,,baseball cap
pacers-front,pacers-front.jpg,Indiana Pacers,Indiana Pacers,,"Indianapolis, Indiana",image/jpg,,baseball cap
pokemon-front,pokemon-front.jpg,Pokemon Ash,Nintendo,2022-10,"Indianapolis, Indiana",image/jpg,,baseball cap -flat bill
red-bull-front,red-bull-front.jpg,Red Bull Racing,Red Bull,2021-03,"Indianapolis, Indiana",image/jpg,,baseball cap
rye-whiskey-front,rye-whiskey-front.jpg,Rossville Union,Rossville Union,2022-03,"Bloomington, Indiana",image/jpg,,trucker cap
spurs-front,spurs-front.jpg,San Antonio Spurs,San Antonio Spurs,2021-07,"Indianapolis, Indiana",image/jpg,,baseball cap - flat bill
striped beanie,striped beanie.jpg,Striped Beanie,,,"Indianapolis, Indiana",image/jpg,,beanie
the-fort-front,the-fort-front.jpg,The Fort Golf Course Blue,The Fort Golf Course,,"Indianapolis, Indiana",image/jpg,,sports cap
tiger-front,tiger-front.jpg,Detroit Tigers,Detroit Tigers,,"Detroit, Michigan",image/jpg,,baseball cap